-44.5665520239,-100.04354808,0.0007221919,0.0144670741,0.07508119,20.71199,26.58682,-36.9137428457
-46.7016088761,-101.2609936,0.0006435917,0.014606044,0.07521226,20.77353,26.26869,-24.2054682765
-45.5430367183,-102.6437185,0.0006083516,0.0145649302,0.075329745,20.69144,25.97289,-41.1030538873
-43.702821813,-103.5049225,0.0005899878,0.0143787614,0.07544137,20.47197,25.7059,-43.0975659598
-43.136446745,-103.1947836,0.0005892217,0.0139067029,0.075512185,19.95735,25.45182,-33.1695795753
-40.1336943686,-102.3171581,0.0005916068,0.0133954523,0.07560489,19.38424,25.23869,-23.5629853494
-38.946250679,-101.12259042,0.0006009101,0.0128650722,0.075704275,18.78068,25.04539,-10.4160231796
-39.4334150877,-100.0305197,0.0006044256,0.0122555444,0.075777825,18.05411,24.85213,-14.8051676019
-39.2872085488,-96.3960511,0.0006008463,0.0118630815,0.075855855,17.56543,24.66687,-10.6511291562
-41.9462715975,-95.2580513,0.0005850322,0.011822798,0.07594827,17.49546,24.45812,-36.259971886
-48.781206445,-97.477216,0.0005908313,0.0117441328,0.07606369,17.40599,24.17709,-42.8877026589
-53.5490746698,-98.73903247,0.0006001569,0.0113082117,0.07622212,16.8594,23.84523,-45.3812853322
-47.4235082604,-99.1779401,0.0005905583,0.011149663,0.07633521,16.64215,23.5873,-51.535154655
-40.0610960326,-99.282764,0.0005895542,0.0109792079,0.076398795,16.41623,23.41802,-41.6687463467
-38.1316483368,-78.841409,0.0005837108,0.0110055064,0.07644946,16.44901,23.27365,-39.3558401009
-36.6640844413,-12.407211,0.0005695503,0.0116540419,0.07647367,17.28731,23.14555,-40.8422193883
-22.5266079308,83.448711,0.000593067,0.0121059088,0.0763993,17.89414,23.17063,-0.514673639
41.2262541446,179.237796,0.0005974892,0.0128025522,0.075909,18.7461,23.91084,109.3783050422
61.8205886879,273.86892,0.0005789831,0.0137920862,0.075335875,19.86226,24.83764,92.8602611815
65.7365746674,355.94013,0.0005647266,0.0149199566,0.07481552,21.06138,25.74898,209.2700980068
40.3409058307,428.69338,0.000555332,0.0160329023,0.07450835,22.17485,26.30727,297.0493336204
90.7605393925,489.12483,0.0005606184,0.0166898566,0.073938385,22.80853,27.37511,384.7286316716
170.6707120465,533.07287,0.0005437711,0.018048619,0.07283084,24.03207,29.30121,371.835099199
148.164717226,564.79193,0.0005219212,0.0186256876,0.0720438,24.50856,30.87735,364.7181287951
146.7538707912,577.14086,0.000541357,0.0193526752,0.07129288,25.13497,32.30475,328.2027844827
144.2097362831,577.12822,0.0005301452,0.0201797052,0.07066506,25.79609,33.5793,339.0072937277
157.5973173435,561.87598,0.0004947055,0.0207727989,0.06993599,26.2295,34.95557,234.7062560745
87.8378735571,538.85287,0.0004764308,0.0217037069,0.069800095,26.9285,35.47311,292.0544314664
45.3100694075,494.5943,0.0004820127,0.0223750555,0.069982595,27.42732,35.50965,348.2960419484
44.8198104728,450.69009,0.0004759838,0.0226522703,0.07011263,27.61901,35.56528,234.7952375234
-29.7296168173,381.09004,0.0004754037,0.0234016254,0.070630575,28.15576,34.76167,319.7189459906
-11.9308949913,296.07578,0.0004799962,0.0237626275,0.070984435,28.41192,34.2276,244.3787324629
30.9644585683,215.519116,0.0004711465,0.0236659334,0.07098942,28.33752,34.261,121.7854483483
-14.2961337218,122.597197,0.0004806439,0.0239914411,0.07125066,28.57116,33.81674,157.9918002619
-48.3248921223,18.822379,0.0004946255,0.0236913857,0.07173013,28.37324,33.02324,52.0397104588
-22.4528932029,-66.90755,0.0005183903,0.0232611155,0.0720026,28.0897,32.58808,4.5341990162
-31.7299840743,-112.90118,0.0005620542,0.0220183596,0.07227151,27.22287,32.10233,-0.9418154956
-53.1801040371,-117.102264,0.0006744878,0.0194949079,0.072633165,25.33973,31.42598,21.4002477119
-65.3566409991,-114.725987,0.0008023393,0.0173608156,0.07303471,23.61681,30.66156,-3.823181151
-72.3483793302,-108.786738,0.0008299899,0.0165482612,0.073423465,22.90247,29.86174,-4.2496205921
-68.6169334209,-105.161905,0.0008529531,0.0160084244,0.073762085,22.41843,29.14482,-0.8839897621
-61.6641732893,-102.154251,0.0008562741,0.0155405651,0.074073485,21.96851,28.54157,-2.6414930889
-56.4897701841,-99.0439152,0.0008543417,0.0153293441,0.074327045,21.75929,28.0259,-0.1939414494
-53.0152493738,-95.9908318,0.0008458222,0.0154350454,0.074546625,21.85646,27.57393,-10.2085372952
-53.4710317303,-95.8789189,0.0008366277,0.0147938503,0.0747342,21.19954,27.13629,2.4659775247
-51.2044411308,-99.8979998277,0.0008315611,0.0134023197,0.074898895,19.69486,26.73989,-18.9585935366
-48.4811033125,-102.28291423,0.0006910764,0.0139944583,0.07504557,20.1903,26.38845,-29.6800277271
-48.9536616056,-103.3991028,0.0005645162,0.0140100374,0.075185915,20.06617,26.04357,-17.802845299
-46.9987604059,-104.0976343,0.0005249352,0.0138649852,0.07530126,19.85894,25.73186,-21.4155039407
-47.1054167087,-104.7226822,0.0005189224,0.0134853354,0.075454105,19.42183,25.42778,-14.9981440074
-47.37857155,-104.491876,0.0005082397,0.0131880398,0.07559058,19.0658,25.12766,-33.1533213417
-45.5812575479,-105.4772661842,0.0005006309,0.0129380441,0.07570375,18.76257,24.8541,-33.3055380174
-43.226591341,-105.57429205,0.0004987326,0.0126569547,0.07580833,18.42214,24.61392,-30.3162141815
-38.1714025785,-106.4002981,0.0004962723,0.0123677717,0.07585461,18.06425,24.4382,-43.3033417254
-38.6358211212,-106.658288,0.0004920264,0.0121202173,0.07586551,17.75089,24.26269,-51.6131238965
-39.5475160706,-106.1105815,0.00049127,0.0118456098,0.075938185,17.40393,24.08226,-48.700239792
-38.905022034,-104.5242729,0.0004941242,0.0115567263,0.07599841,17.0372,23.9144,-40.4303978217
-40.3965642666,-104.0194764,0.0004991189,0.0112419027,0.07605653,16.63351,23.73469,-31.2919909451
-43.9653343479,-102.4761706,0.0004999624,0.0109170879,0.07616256,16.20063,23.51889,-38.5257312755
-43.9243116092,-103.0427035,0.0005014232,0.0108687061,0.076248545,16.14258,23.30904,-28.5119989418
-44.58671,-101.57107892,0.0004877897,0.0106784256,0.07630558,15.86729,23.09629,-15.7735366725
-43.8849847685,-99.4978016,0.0004989088,0.0103063228,0.076399285,15.36389,22.89689,-23.062176761
-48.1347003512,-79.653133,0.0005092896,0.0102133002,0.076522645,15.25191,22.65287,-19.1210112881
-47.2127546574,-16.67879,0.0005116015,0.0104898991,0.07661362,15.65755,22.41943,-10.2442946692
-27.7509053523,69.930459,0.0005125076,0.011293374,0.07659681,16.76248,22.40055,5.8433567168
33.9590311062,172.192672,0.0005041282,0.0120685509,0.076153005,17.75217,23.07213,95.5398228129
68.4200285472,264.81851,0.000525889,0.0129726612,0.075523905,18.87881,24.09058,137.1603999338
80.6556903328,346.38972,0.0005550944,0.0141546479,0.074862985,20.25187,25.18651,244.2194490153
57.7183792003,423.11804,0.0005675326,0.0150598842,0.07443315,21.22448,25.95062,223.1697129227
91.3550472505,487.42518,0.0005529651,0.0160571554,0.07383378,22.20982,27.02186,211.7847707659
155.1057809285,529.50829,0.0004988503,0.017879755,0.07286001,23.86011,28.75553,373.4449751144
156.8837403948,559.31802,0.000481733,0.0184902501,0.07199346,24.37789,30.43022,309.8933106692
137.4406916509,577.74609,0.0004965569,0.018645298,0.071349555,24.5159,31.7576,292.4545814588
145.2212578673,580.28385,0.0005256236,0.0190774246,0.07069699,24.89964,33.05862,299.5535922417
160.2589673247,565.28482,0.0005119787,0.019782706,0.0700003,25.46787,34.47684,255.7002663476
96.5560442623,537.6133,0.0004937,0.0206015714,0.069761935,26.10473,35.10891,290.2412172436
38.5595296585,499.18439,0.000480431,0.0208800567,0.06994911,26.30672,35.07739,342.8583320878
45.044526143,449.1658,0.0004658626,0.021460626,0.07007074,26.73775,35.14745,338.4199271898
-30.3203157089,384.97664,0.0004474347,0.021726211,0.07059501,26.92135,34.34775,293.0226576976
-15.468338464,303.20011,0.0004527917,0.0222570802,0.070954105,27.32024,33.78953,233.3078682853
26.4572205621,215.065965,0.0005007392,0.0219752177,0.070970005,27.14405,33.78588,161.6980648361
-16.0612228727,117.528127,0.0005159901,0.0218658128,0.071249325,27.07296,33.33031,95.2065912712
-58.4448190414,13.53973681,0.0005416701,0.021598966,0.071811605,26.89295,32.4259,38.9372084055
-26.7900367693,-68.778172,0.0005589128,0.0211118846,0.072071905,26.53859,31.94602,-16.2911355652
-36.5609846931,-110.221976,0.0005947854,0.0198307159,0.072401485,25.55467,31.40924,-13.5899491016
-52.1081960506,-112.900863,0.0006922997,0.0175932423,0.072733245,23.72711,30.75135,-7.0090392923
-64.2802833929,-108.503624,0.0008008405,0.0163159173,0.073132745,22.64994,30.00522,-6.2620067353
-68.9410908174,-105.828112,0.0008525223,0.0154329548,0.07354427,21.84597,29.25125,-12.5804070343
-67.1430047637,-101.026038,0.0008795442,0.0149594579,0.073890845,21.40219,28.55529,-1.1255272357
-61.3283536184,-96.401333,0.0008921811,0.0147206308,0.074201105,21.17526,27.95752,-8.2287075018
-54.827224576,-92.585556,0.0008934727,0.0144727816,0.07442451,20.92085,27.46061,-1.469261151
-51.0697001312,-90.326991,0.0008939472,0.0142406164,0.074601605,20.67777,27.02827,-9.1914363184
-48.1067868635,-86.7747942,0.0009010715,0.014400626,0.074789515,20.85527,26.64727,1.5596540369
-45.9194175445,-86.0711391,0.0009020974,0.0144105569,0.07495552,20.86579,26.30598,2.0524012931
-45.9648229009,-85.5358139537,0.0008916549,0.0132097656,0.075084135,19.54452,25.97623,-16.1764244871
-44.1295516499,-85.0929221814,0.0008852164,0.0124063286,0.075184245,18.60436,25.67785,4.1770573663
-41.8682529958,-86.48946882,0.0008799217,0.0118344569,0.075264925,17.90114,25.41508,-12.0658403113
-44.9915470169,-90.99236702,0.000863464,0.0118679132,0.07539279,17.92012,25.12489,-7.8003423383
-44.2962825959,-90.7164947,0.000852814,0.0120711806,0.07551103,18.1568,24.85056,-5.8097908085
-41.1996429376,-89.3753498042,0.0008478905,0.0120850572,0.075623695,18.16812,24.6198,-2.9814407011
-41.894502245,-88.52884557,0.0008142594,0.0122356075,0.075706235,18.30827,24.38853,-3.2704800404
-43.1460094666,-86.7852552,0.0007673493,0.012592071,0.075805235,18.67796,24.1496,-7.4001752746
-42.8761184129,-88.3478143,0.0007251064,0.0129732505,0.075872985,19.07461,23.91932,-8.9876568366
-42.0263570876,-90.43691306,0.0006902413,0.0123461783,0.07596508,18.28802,23.7032,-18.725328133
-43.428201864,-91.0355612,0.0006555748,0.0120434313,0.076067585,17.87568,23.47386,-51.3342478758
-47.4037121901,-91.3660725,0.0006397118,0.0122495117,0.076195925,18.11421,23.19836,-44.7247895281
-34.8192870959,-89.50112926,0.0006321958,0.0122999918,0.076226585,18.17009,23.06729,-31.1997924969
-26.5287033939,-89.2809132,0.000626611,0.011980336,0.07622271,17.76987,23.03119,-29.5663028602
-20.8798789705,-88.2664957,0.000646168,0.0115336976,0.076173985,17.23125,23.06077,-22.6830679484
-28.9454497053,-87.3809321,0.0006832844,0.0112354457,0.07616483,16.89597,22.99855,-39.9409810285
-39.0142921085,-67.073691,0.0007036415,0.0112031115,0.076247485,16.88497,22.82083,-39.6303769266
-37.5539413412,-4.19065,0.0007081005,0.0115837325,0.076337705,17.38816,22.65793,-11.1835812626
-19.2634163584,82.255556,0.0007343704,0.0121336901,0.076265925,18.11367,22.6943,33.8892039997
40.1158584164,180.287508,0.0007700673,0.0126500054,0.075803545,18.78212,23.39344,146.1174052844
78.2444322878,271.101086,0.0008123704,0.0136926592,0.075168315,20.02467,24.48113,165.9723090465
86.4040055414,351.68421,0.0008120702,0.0147948206,0.07450269,21.20122,25.5978,201.187429369
54.143502057,421.20066,0.000763038,0.0167240717,0.07412886,23.04798,26.27458,279.8063128585
104.0010229617,484.56473,0.0007383703,0.0179192135,0.073485015,24.10761,27.45099,191.1246138413
165.1597788177,528.80725,0.0005984683,0.0198495307,0.072451865,25.61982,29.26196,283.6446963305
152.5397579506,557.51965,0.0005458879,0.0207120755,0.071649345,26.2615,30.84795,330.7484873939
143.0100923861,573.26524,0.0005363125,0.0211483602,0.07099722,26.58704,32.20156,250.8071194104
172.8494364263,574.58524,0.0005274714,0.0216007227,0.070180085,26.91919,33.78604,305.1666462298
168.1210250414,561.25826,0.0005046757,0.0220646803,0.069447215,27.24318,35.25501,269.132254028
90.5434409129,537.5564,0.0004943726,0.0224192152,0.069332375,27.48948,35.76867,250.359420583
29.8249091975,497.67558,0.000500883,0.0225792964,0.069657235,27.60491,35.58633,247.4686508213
43.1873414144,444.00091,0.0005231246,0.0232458084,0.069771285,28.09696,35.59677,255.4302500713
-28.5965447181,377.87734,0.0005375456,0.0233095418,0.070311845,28.14645,34.78408,216.9327811704
-17.1923436536,303.25815,0.0005771281,0.0234116944,0.07068464,28.24212,34.17231,215.3092316999
24.6989855951,208.71896,0.0005728427,0.0235124736,0.070702185,28.30603,34.11673,209.2662876981
-14.9289506087,113.653077,0.0005682142,0.0236853558,0.0710018,28.42485,33.64592,95.6007383196
-52.7158927536,15.4587116,0.0005796754,0.0233527848,0.071511975,28.2015,32.7813,45.5940294227
-22.4872133569,-68.79755,0.0006000849,0.0226452113,0.07180344,27.71018,32.32545,15.0860359935
-32.6073963442,-112.765831,0.0006509169,0.0210161772,0.072113425,26.52946,31.80897,-8.7319650234
-49.1534430943,-116.47852,0.0007876965,0.0178513945,0.07246702,24.03047,31.16021,-5.7340983542
-64.3303217393,-111.827997,0.0008256465,0.0168473805,0.072880375,23.16028,30.39062,-3.6782209686
-69.1431058839,-106.572597,0.0008346279,0.0164377452,0.073282585,22.79107,29.61341,-9.7577865617
-64.9696152923,-103.984958,0.0008482596,0.0161859467,0.073626415,22.5703,28.92524,-6.8263308605
-60.2576081519,-98.331705,0.0008711758,0.0154137039,0.073908105,21.8426,28.32435,-2.1873305552
-57.896720856,-94.128763,0.0008676471,0.0145101527,0.074175605,20.91724,27.77752,-12.433749107
-51.3458497045,-90.883549,0.0008817332,0.0147471621,0.074359875,21.17964,27.3294,-2.1171727388
-49.4717620962,-89.435146,0.0008874035,0.0145974839,0.07452196,21.02842,26.92153,-2.083637012
-49.8534675687,-87.41488996,0.0008746952,0.0139802301,0.07468401,20.35883,26.52511,-2.7226679139
-46.6403535508,-88.4052837,0.0008528527,0.0129241651,0.07482657,19.15407,26.17987,-8.7198831436
-46.3289941733,-87.5399653792,0.0008573757,0.0127380033,0.07496216,18.94201,25.84999,-2.5380639389
-45.7961228591,-88.6887694,0.0008567933,0.0127419721,0.07510865,18.94519,25.53677,-16.8625301473
-46.1575148305,-92.3993173,0.000894332,0.0128503206,0.075236495,19.1148,25.22721,-21.9110477716
-44.2912253276,-91.9983091375,0.0009083755,0.0129204553,0.075331385,19.21163,24.94492,-13.3085916921
-37.2924276025,-91.652042,0.000924606,0.012933355,0.07541409,19.24404,24.74768,-14.4285180783
-33.2007938799,-91.0187146606,0.0009185696,0.0130861572,0.075449575,19.40854,24.60118,-15.0692448307
-33.6090632559,-90.0687792609,0.0008760777,0.0136543448,0.075480905,19.99475,24.45362,-13.1256428546
-36.2263725243,-90.40879317,0.0008361366,0.0136160774,0.075572625,19.905,24.28015,-20.7487107507
-39.1606928834,-92.1877901,0.0008038516,0.0131672643,0.075639975,19.3641,24.07736,-28.9930100125
-44.204050612,-93.3598043,0.0007595746,0.0127803388,0.07573948,18.86837,23.8181,-20.0338519196
-39.449964176,-92.3457946,0.0007177415,0.0127037622,0.075847125,18.73119,23.61485,-24.7264690501
-32.598581195,-90.1505275,0.0007195941,0.0122220422,0.07587077,18.15729,23.49136,-18.1866768829
-30.2721039984,-87.0453077,0.000735657,0.0118373114,0.075889065,17.70323,23.39582,-28.5193795486
-31.4710667941,-87.1516981,0.0007542297,0.0117041307,0.075938535,17.56195,23.28775,-36.0052425077
-33.47713188,-87.6430418,0.0007660514,0.0114341084,0.07598598,17.23693,23.15616,-27.0308931335
-27.0941072738,-67.413036,0.0007685724,0.0111436609,0.07599475,16.86983,23.09933,-28.6432466101
-30.1061924106,-3.261562,0.0007732685,0.0114260486,0.076016445,17.24838,23.00597,-21.9943236763
-17.9063962654,82.1469764,0.000779126,0.0124583684,0.07596327,18.54032,23.04285,59.3031326363
41.2826485221,179.446818,0.0007928476,0.0135826135,0.075511225,19.85638,23.74132,76.904149896
81.846864399,271.917897,0.0008111201,0.0144506176,0.074836435,20.82083,24.85673,81.8631914729
86.3866607869,354.92158,0.0008334436,0.0151639756,0.074194065,21.5849,25.9596,216.628268885
59.9480354881,429.53824,0.0008062106,0.0163363072,0.07377898,22.70742,26.69342,245.8731267355
99.0360679037,488.42482,0.0007577248,0.0174129175,0.073168825,23.6581,27.80411,298.5929042219
154.7956853172,530.92399,0.000712748,0.0185823932,0.07221712,24.64219,29.48981,363.1534992444
155.3566868647,560.9238,0.0006776038,0.0197496705,0.071398035,25.58223,31.10839,300.7498781955
144.1756269641,577.01111,0.0006676385,0.020396661,0.07068673,26.08691,32.48171,331.7121540518
167.0799920652,578.81344,0.0006648299,0.0207450211,0.069916975,26.34953,34.00414,369.71315411
168.6136978645,562.37807,0.0006675417,0.0212128148,0.06919151,26.70538,35.48127,260.2981473857
81.7226390194,540.33018,0.0006534594,0.0218643649,0.06911972,27.17809,35.89281,248.3852219151
48.5231355936,496.53639,0.0006096371,0.0225535664,0.06929142,27.64803,35.93553,202.7406893342
37.8456565815,445.97472,0.000606093,0.0228907425,0.06943973,27.88328,35.88487,252.127885106
-40.9327367597,380.61706,0.0005972563,0.023541367,0.070050425,28.33276,34.9275,285.3597992044
-19.5241664571,299.00979,0.000592956,0.023580187,0.070444245,28.35183,34.29147,156.4477908081
21.580841011,211.169212,0.0005687646,0.0238483624,0.07053324,28.5202,34.20023,162.1855320392
-12.0729351847,115.03332,0.0005773479,0.0237996321,0.070795445,28.49471,33.76088,126.2967746227
-50.9572594301,13.224632,0.0005611385,0.0235645474,0.07131291,28.3238,32.91378,42.8666795339
-24.0418111821,-69.559704,0.0005859444,0.0230566526,0.071598475,27.98697,32.43682,0.3689327632
-31.3241439917,-109.85719,0.0006457013,0.021537315,0.071870375,26.91747,31.93347,2.9177511457
-49.1902463775,-112.776665,0.000671202,0.0197498197,0.07222941,25.53666,31.2826,-3.3400965957
-64.1561370921,-109.240408,0.000753922,0.0178569077,0.072628175,24.00347,30.51342,-0.0686179268
-69.1658121458,-105.664228,0.00080022,0.0171180864,0.073040445,23.38416,29.73405,-3.9357676282
-68.8334220635,-101.700255,0.0007984518,0.0165744909,0.073419025,22.88183,28.99934,-2.4912919578
-64.3695971106,-99.018983,0.0007917248,0.0150442416,0.0737368,21.37936,28.35,4.1283760968
-56.096196316,-96.6284635,0.0007956812,0.0144639657,0.073976915,20.78566,27.82485,-13.6166633445
-51.2724597844,-91.2285086,0.0007655948,0.0156084191,0.0741714,21.92652,27.37864,-1.4851664224
-51.1395635513,-91.69848966,0.0008059401,0.0142885652,0.0743651,20.6149,26.95294,-25.7217211461
-50.242457201,-92.6685568,0.000988525,0.014141559,0.074540895,20.652,26.55292,-18.4394409939
-46.5238887038,-93.2422496,0.0010141423,0.0137365315,0.074669275,20.24225,26.20787,-12.8645927447
-44.2730387416,-91.1698351,0.0010104073,0.0133615778,0.074810985,19.8288,25.89829,-13.4404387224
-41.7923421163,-88.1859856,0.0010177435,0.0131912783,0.07490492,19.64456,25.62506,-8.5647240642
-39.6306434631,-88.6771764,0.0010124882,0.0132383102,0.075010265,19.69173,25.38302,-12.3815093825
-38.1452520445,-89.4464002,0.000997413,0.0132473612,0.075073835,19.68274,25.16333,-12.2140929132
-36.2639185588,-88.25064644,0.0009787297,0.0132771219,0.075149335,19.69211,24.9702,-9.8602434066
-38.7668481822,-90.2007223,0.000967498,0.0134559553,0.075232665,19.87687,24.75272,-28.1206564819
-36.4815880652,-88.7658591,0.0009120965,0.0136842436,0.07530925,20.06465,24.5655,-13.6625519236
-37.4291318045,-91.8719698,0.0007746681,0.0142600633,0.075389855,20.53732,24.3717,-48.2275240141
-37.2717270676,-92.9929624,0.0007407562,0.0136526278,0.075451065,19.83557,24.18283,-19.9771365139
-38.4264359214,-92.8004925,0.0006924101,0.013076691,0.07553068,19.1274,23.98287,-18.4439027243
-37.2773976422,-91.6897812,0.0006693185,0.0125169138,0.075612965,18.44135,23.79797,-11.2161000173
-32.8318919754,-88.85700944,0.0006581074,0.0121982851,0.075650165,18.04218,23.66747,-23.4139744039
-33.7169747003,-86.637411,0.0006717228,0.0117806407,0.075698775,17.54249,23.53006,-39.7173556517
-37.1288694118,-83.8390529,0.0007000605,0.0113267812,0.07578433,17.00117,23.35506,-39.3705751961
-32.9752274277,-83.4791442,0.0007334967,0.0111341428,0.075812895,16.79659,23.2312,-29.9271261838
-32.9921033438,-69.087967,0.0007523616,0.0109302413,0.07586826,16.55615,23.10965,-26.757835511
-35.9431224162,-26.685762,0.0007526797,0.0110519689,0.07592597,16.72017,22.95327,-26.2568464924
-23.4615427518,54.611386,0.0007599473,0.011860081,0.075898665,17.76822,22.93248,5.8458590705
24.1661493775,139.190932,0.0007701743,0.0132476507,0.07555517,19.4356,23.44153,66.554965601
64.2557615376,232.333143,0.0008054554,0.0143057163,0.07499054,20.64207,24.36832,95.1365439201
77.3879277103,308.59449,0.0008551203,0.0147191602,0.074396985,21.13033,25.38679,90.7256642123
61.9214978969,386.48623,0.000866671,0.0160298967,0.07396163,22.44792,26.16544,257.5541218013
97.5655444543,450.43369,0.0008237898,0.0172263,0.073344215,23.52344,27.28414,213.4911922752
155.3023082399,500.02279,0.0007786223,0.0185178396,0.072375075,24.61762,29.00213,252.0161410882
135.9343817815,533.40222,0.0007108012,0.0202924478,0.071648305,26.02039,30.41769,214.1467408364
133.4401344859,544.84054,0.0006550765,0.0211962025,0.07101762,26.67632,31.69847,188.1496005606
167.8333574318,562.37834,0.0006431215,0.0221726568,0.070195925,27.39442,33.26882,337.7778308671
174.676891805,549.24171,0.0006082487,0.02301817,0.069381275,27.97758,34.85293,276.617415708
90.3836030462,517.75701,0.0005719994,0.023528251,0.069240745,28.30539,35.39487,229.0162831476
52.2551177763,478.62977,0.0005651193,0.0243456608,0.06938297,28.86199,35.50241,224.0414850983
55.3534912361,432.05388,0.0005606507,0.0248892665,0.06940655,29.22038,35.67147,229.9465670021
-25.6426092925,366.34552,0.0005506221,0.0254328372,0.069896305,29.57079,34.89638,259.882391996
-25.2915345672,287.23622,0.0005534043,0.0256448086,0.07035326,29.70775,34.1848,148.6369357042
33.254530105,204.370433,0.0005718133,0.0256553916,0.070360795,29.72631,34.22162,173.6210545606
-7.1241105365,109.6515542,0.0005580178,0.0257133492,0.07060403,29.75516,33.82469,154.8076294782
-46.1752091551,12.838824,0.0005665446,0.024908023,0.07110922,29.22893,33.01612,73.5278858185
-14.1718508548,-62.88058,0.0009020053,0.0217641416,0.071346955,27.25146,32.63699,21.3622632707
-25.8841206632,-106.791608,0.0009353931,0.0197965237,0.071602365,25.75979,32.17564,-5.5677224635
-56.3069773856,-114.116851,0.0009283523,0.0181238199,0.072015955,24.36267,31.41864,-4.5117273076
-66.7692153715,-110.336983,0.0009334243,0.0169125556,0.07246747,23.29009,30.59968,-3.1316409362
-70.0322029158,-105.313921,0.0009300889,0.0159635195,0.07290279,22.4015,29.7932,-4.1296867677
-63.7076681185,-98.813054,0.0009313444,0.0164582548,0.073252155,22.88308,29.10236,0.4114336195
-56.745971186,-94.503197,0.0009643118,0.0161565277,0.07352326,22.63445,28.52568,-0.2043745735
-53.4548917536,-90.957543,0.0009854484,0.0157374538,0.073771225,22.25334,28.01395,-0.2881565702
-49.7737922333,-89.6870974,0.0009828845,0.0158168926,0.07398204,22.32917,27.56748,0.399837035
-49.615168554,-86.1025977,0.0009826348,0.0153558217,0.07417323,21.87903,27.14192,-6.2424660333
-47.4874554534,-85.0917091,0.0009499703,0.0141552826,0.074348665,20.61308,26.7575,-9.0151087588
-44.6211763878,-85.6866551,0.0009325108,0.0137413424,0.07448408,20.14632,26.41993,-31.6669116764
-44.8497372093,-87.4360137,0.0009237782,0.0129685086,0.074619395,19.27082,26.09007,-20.4846244705
-45.7470301129,-86.6228947,0.0009407145,0.0124540249,0.07476761,18.69125,25.75827,-30.814277562
-38.2201414041,-83.7906211,0.0009774473,0.0123664901,0.074850825,18.63302,25.52172,-11.5455114177
-34.9668576618,-80.5716657,0.0009966853,0.0124268516,0.074909095,18.7273,25.3299,-12.1762299362
-35.4403651954,-81.2665092,0.0010043498,0.0125417653,0.074982375,18.87331,25.13646,-22.5785529117
-35.7882780564,-77.896145,0.000999251,0.0124330515,0.07506399,18.73669,24.94095,4.6155557947
-32.8516215637,-74.6236184,0.0009926091,0.0134097874,0.075129385,19.84475,24.78353,1.6416660392
-32.6840260292,-74.1380327,0.0009813131,0.0123771895,0.07516521,18.64336,24.63244,13.3556348206
-35.215076704,-75.92422741,0.0009633686,0.01163451,0.07524894,17.71562,24.45645,-8.3097336423
-36.2444717636,-76.5928365,0.0009629567,0.0110382673,0.075335125,16.95476,24.27269,-1.5151354454
-36.290673297,-76.7785805,0.0009615886,0.0108478209,0.07540446,16.70265,24.09343,-19.1346589455
-38.6574513646,-76.7150185,0.0009595494,0.0111892781,0.075492685,17.14717,23.89098,-3.0714050712
-38.3769438079,-77.746053,0.0009507841,0.0110452775,0.0755737,16.94979,23.69645,-10.8410084952
-38.396576831,-78.7480966,0.0009424786,0.010572173,0.075638205,16.31343,23.50596,-27.7428376005
-39.7633325536,-79.5732398,0.0009178046,0.0106581688,0.075722255,16.40111,23.30248,-36.3906026125
-37.6012781033,-60.112019,0.0008750748,0.0111452228,0.07580715,16.99341,23.12482,-34.0791967588
-29.8690364626,-2.958075,0.0008687835,0.011799201,0.07583322,17.82116,23.03189,-7.5446349075
-18.2878080816,74.4503265,0.000892857,0.0126824145,0.07577021,18.91881,23.05798,-1.6163433277
35.9997873059,162.378783,0.0009131358,0.0138667243,0.075368155,20.27983,23.68666,150.4842053731
85.1936829486,254.307503,0.000924581,0.0150112045,0.074657765,21.49463,24.83461,98.232605422
82.6096573383,332.1123,0.0009415112,0.0162754463,0.07406155,22.75194,25.8853,211.2759943907
66.387510102,403.9168,0.00092053,0.0175994032,0.07360704,23.94699,26.68495,239.7580992897
111.3580596566,464.49813,0.0009288802,0.0184611571,0.072913855,24.7012,27.92244,308.7987209436
168.3712020612,509.88077,0.0008709825,0.0194242294,0.0718899,25.451,29.7451,221.1239406304
141.8364898322,541.89851,0.0008383854,0.02038852,0.071173085,26.19223,31.188,237.7343742883
113.9718851313,559.01121,0.0008264687,0.021721524,0.07066611,27.19708,32.20327,513.6472987406
182.3857536682,561.86008,0.0008267714,0.0218953127,0.06981213,27.31886,33.90908,284.2873426808
166.1205556735,546.12657,0.0008376768,0.0224060937,0.069064805,27.69489,35.35896,231.1656055135
80.7105517417,519.95951,0.0008275498,0.0226531565,0.06899527,27.85802,35.75615,200.8140647704
50.4048547755,480.79347,0.0008039497,0.0232549382,0.069150305,28.26179,35.81916,217.0753894438
49.3198281953,433.4273,0.0007821518,0.0236897071,0.06926332,28.54452,35.89155,165.1072907196
-30.5474940242,369.10098,0.0008027525,0.0241894153,0.06981654,28.89591,35.04061,243.7902641594
-18.4953713395,295.2603,0.0008119718,0.0245031487,0.07022461,29.11096,34.39893,170.5735207464
37.5632080772,211.558196,0.0008118873,0.024282039,0.07021568,28.95918,34.47817,149.6834515626
-3.4288305151,118.830727,0.0008063785,0.0243772475,0.0704403,29.01944,34.11588,98.9197353006
-43.3501514789,27.8113876,0.0009272759,0.0236090813,0.07092377,28.57656,33.33148,72.5965816795
-18.3231126584,-50.684717,0.0010593709,0.0220339465,0.071183715,27.55306,32.89247,40.8717794062
-29.200822993,-93.506143,0.0010728442,0.0201100192,0.07147853,26.10664,32.38085,-8.7323557172
-53.1825925222,-101.836791,0.0010768797,0.018469615,0.07187822,24.77308,31.64658,-14.7295078035
-62.2367007745,-100.64748,0.00105697,0.017418662,0.0723148,23.8477,30.86339,-5.0342312247
-61.860531205,-97.776129,0.0010249031,0.016891692,0.072703555,23.34715,30.13351,-14.420567005
-57.4721445242,-93.904273,0.001030109,0.0165674584,0.07300226,23.0578,29.49536,-2.1534996439
-53.277796096,-89.165365,0.0010753715,0.0160223891,0.07328378,22.5918,28.93942,-0.9575028217
-50.4773640065,-85.503155,0.0010984852,0.0157129446,0.073492265,22.31967,28.44284,2.0867319124
-50.2945249342,-81.6711837,0.0011522683,0.0154972784,0.073702325,22.16539,27.97049,-3.9660217557
-47.6998276004,-80.1719486,0.0011514837,0.0147784914,0.073878235,21.44927,27.54681,-6.2879141812
-42.9290415062,-79.4142368,0.0011413622,0.0144153743,0.074031995,21.06838,27.19401,-13.8808741783
-41.7548133305,-79.1411736,0.0011525682,0.0142864944,0.07417211,20.94672,26.86756,-24.5351510415
-41.2326871358,-78.1386637,0.0011573545,0.01432244,0.07430643,20.98935,26.55839,-12.3309190943
-36.9141081501,-83.0449353,0.0011161094,0.0131700904,0.074400175,19.70103,26.30828,-14.321184464
-38.9912329052,-82.3261791,0.0010955308,0.0129804794,0.074499715,19.4645,26.04088,-16.4957850198
-37.2388515978,-81.131596,0.0010920247,0.0132668648,0.0745902,19.78213,25.79986,-16.7673311395
-33.7103307114,-77.8765395,0.0010907535,0.0131907525,0.07466477,19.69466,25.60429,-17.5201552176
-31.6186151552,-75.805883,0.0010873944,0.0133507431,0.07473205,19.86823,25.43599,-10.076340092
-29.4440056316,-75.56488,0.0010758635,0.0133446084,0.074766125,19.84461,25.29538,-11.4803371521
-30.0145131315,-75.65990309,0.0010545235,0.0136184437,0.07482641,20.12124,25.15018,-22.6453535828
-31.7912332338,-76.9493693,0.0010388257,0.0133159168,0.074865915,19.77159,24.98518,-6.3136263862
-29.8242502987,-76.6283053,0.0010369426,0.0119901445,0.074918365,18.23119,24.84504,1.5303557053
-27.8784812051,-74.6845925,0.0010268193,0.0112093948,0.074959385,17.24564,24.73155,-2.6342186533
-32.7265386448,-72.7165935,0.0010363586,0.0112297947,0.07503586,17.28406,24.56737,-2.7219992417
-34.0375838502,-72.8725635,0.001041254,0.011431103,0.07509458,17.54814,24.39387,-5.4552402939
-36.1806807315,-74.4508558,0.0010332317,0.0114731243,0.075179375,17.59529,24.20071,-9.7503180797
-36.441214529,-74.0969408,0.0010192469,0.011386778,0.075277455,17.47317,24.00887,-6.7888083735
-36.086299368,-61.932325,0.0010037352,0.011692061,0.075349595,17.84148,23.82492,-6.8733257282
-33.0776017625,-13.193477,0.0010037821,0.0116486331,0.075389495,17.79237,23.67457,-1.2285392944
-22.5887427044,69.9934218,0.0009978056,0.0128066297,0.075402185,19.17673,23.63437,-1.9870337398
27.4906760826,163.574844,0.0009660713,0.0146556016,0.075059745,21.16596,24.15067,23.107792388
86.1361570845,255.591498,0.0010037137,0.0158563646,0.074366115,22.40981,25.29906,158.456383173
81.8409023802,335.78316,0.001030092,0.0168203236,0.073746295,23.34391,26.33203,206.0552062813
65.6911514409,408.19055,0.001050339,0.0179051295,0.07331237,24.32867,27.11767,222.5195534167
112.4408807886,470.5564,0.0010416435,0.0190114815,0.072614115,25.25703,28.36456,301.9243414524
159.8217305841,520.66021,0.001026208,0.0199184858,0.071659115,25.97778,30.08606,257.3976391906
142.8453016207,542.49894,0.0010076849,0.0211105544,0.070939355,26.8843,31.54221,284.6295054074
118.6640127811,560.53742,0.0009544303,0.0220646987,0.070392045,27.54855,32.61403,547.5193482502
198.7874818002,568.09292,0.0009017523,0.0231121491,0.06941757,28.2574,34.51107,354.3640955776
180.7723613968,557.19856,0.0008677104,0.0233201988,0.068582045,28.36982,36.11431,316.7972176704
76.6934742303,532.56767,0.0008916989,0.0234719864,0.068538495,28.48279,36.44856,326.6186839612
20.2820294069,497.60383,0.000860132,0.0238513376,0.06891818,28.71519,36.14281,285.0517508704
38.0072936773,446.80263,0.0008231021,0.0241692096,0.06906665,28.90077,36.09138,255.851422928
-24.5367914789,379.82512,0.0008393089,0.0249421309,0.069567785,29.42632,35.31904,275.3672141286
-25.5702272966,306.49343,0.000811622,0.0250073992,0.070032625,29.44704,34.59342,195.5383071513
43.8889930597,169.259136,0.0008210488,0.0248520114,0.06993385,29.34852,34.74658,168.6225188419
-5.1883649863,64.732998,0.0010136638,0.0237642657,0.070179195,28.74241,34.36452,87.3966564158
-44.0262085658,22.7388105,0.0010323154,0.0230319253,0.07066192,28.24707,33.57284,39.8595895895
-29.5094032214,-53.317174,0.0010802394,0.0218045833,0.07100129,27.40039,33.00526,-1.4778473611
-33.7390580986,-93.939156,0.0011099118,0.0202376864,0.071322445,26.23642,32.4457,-13.4380599171
-52.0030839614,-97.46474,0.0011173538,0.0189914603,0.071695945,25.24754,31.73145,-19.7173762877
-60.7457430376,-94.534458,0.0011137206,0.0183830035,0.072121185,24.7407,30.97019,-11.3846231761
-56.0645154419,-91.647235,0.0011498906,0.0171509148,0.072465875,23.70295,30.30866,-10.1401885689
-53.2194926847,-89.500863,0.0011851953,0.0166275115,0.072750305,23.26692,29.7165,-9.9928669481
-51.4909518199,-86.9556486,0.0012139542,0.0162951545,0.07302527,22.98999,29.17468,-17.5871550404
-45.7351629904,-85.085552,0.0012328725,0.0159252763,0.07323318,22.66204,28.72457,-6.9143797506
-43.9378035325,-83.1303906,0.0012295606,0.0152250945,0.0734061,21.98165,28.31692,-2.0773172429
-43.4620548847,-81.6163224,0.001242754,0.0152456062,0.07358509,22.01707,27.93378,-4.7065752085
-42.6228843629,-80.9939847,0.0012222979,0.0146088739,0.073730015,21.35677,27.57619,-4.4808685054
-41.0498870597,-83.2738552,0.0012060176,0.01378591,0.073870215,20.4777,27.24936,-26.7520199844
-40.4202459945,-83.1157014,0.0012145508,0.0137144737,0.07399094,20.4076,26.93939,-8.8463633295
-37.4437137777,-81.3551354,0.0011910524,0.0133276419,0.074111015,19.95879,26.6725,-15.0876191509
-36.126187418,-81.8523527,0.0011961781,0.013557526,0.074186735,20.21448,26.42887,-16.3068816251
-35.7359363693,-81.2689104,0.001198725,0.0134512984,0.074290835,20.1008,26.19608,-9.7623187813
-33.1127443523,-79.4153435,0.0012060909,0.0133362401,0.0743706,19.98246,25.99948,-8.4280501847
-32.2586328055,-78.024285,0.0012023989,0.0132318587,0.074434775,19.85975,25.81702,-11.5407656058
-29.684608515,-78.8941274,0.0012030999,0.0133945291,0.074478425,20.03809,25.66836,-7.5376167774
-33.0779085055,-78.2526669,0.0011973989,0.013476969,0.07455965,20.12163,25.4847,-3.5627780569
-31.4266918252,-79.6273927,0.0011631287,0.0137313637,0.074605175,20.35919,25.32519,-15.4690129997
-33.3721789413,-81.001555,0.0011409774,0.0140534376,0.074669345,20.68067,25.14652,-24.7496463213
-33.792477289,-80.0642481,0.0010960964,0.0138166784,0.074765415,20.38014,24.96547,-14.7780202444
-32.7293892428,-75.0374313,0.0010795851,0.0131396858,0.07481994,19.61697,24.79879,-9.6068863283
-30.7074025091,-72.9654053,0.0010390821,0.0132240812,0.074893925,19.66765,24.65798,-3.0466178135
-29.9563542587,-72.7628509,0.0010456561,0.0128624209,0.074939405,19.26855,24.52926,-0.5431106141
-32.719606454,-71.664802,0.0010652785,0.0124895125,0.074992495,18.86563,24.37264,1.4470497101
-33.8469515652,-58.109135,0.0010465728,0.0129185796,0.075076985,19.34708,24.20694,2.6733645692
-31.781240785,-22.061461,0.0010349235,0.0127390334,0.075118415,19.13064,24.06549,0.6377298264
-22.1454589757,62.070089,0.0010397072,0.013302664,0.07511545,19.7787,24.02803,0.0777878406
11.1722290913,154.017125,0.0010590379,0.0144673381,0.074885865,21.05823,24.3552,6.7041423722
70.797612172,233.705076,0.0010382224,0.0164005071,0.07430339,22.94685,25.32915,69.221733104
88.2790043238,325.469441,0.0010224888,0.0182326172,0.073634335,24.57828,26.44373,113.2254449503
81.4265990237,395.45802,0.0009684767,0.0198588785,0.07308013,25.88142,27.41691,114.7315598085
119.1155241576,442.02695,0.0009201398,0.0212120862,0.072325995,26.89781,28.74593,171.8390729376
169.7882654832,490.11377,0.0008914434,0.0219868842,0.07129053,27.45287,30.58738,291.3078006841
135.9177668937,521.00373,0.0008818711,0.0223541652,0.070631455,27.70965,31.96316,236.3081953538
104.743762275,553.55089,0.0008914982,0.0233863499,0.070182665,28.44548,32.87545,269.5597636982
195.9135623129,550.39515,0.0008721371,0.0240696692,0.06919333,28.8986,34.74519,325.7994616631
163.899057939,537.01182,0.0008378416,0.0244955188,0.068479625,29.15588,36.16074,301.6961525936
76.720433441,515.17757,0.000834345,0.0248189127,0.068449525,29.36224,36.51055,282.6671335824
22.3365374241,488.2555,0.0008761118,0.0249733344,0.068801905,29.48511,36.24255,292.1965384794
49.6991503453,425.82362,0.000913459,0.0250845328,0.06886091,29.57704,36.33316,261.5385012876
-18.8828176344,363.85323,0.0009110392,0.0254254536,0.0693023,29.79408,35.63331,230.9748720887
-23.7221487147,291.71822,0.0009140356,0.0254334084,0.06975568,29.80148,34.93365,167.9199425986
32.5356530886,210.932152,0.0009188796,0.025521587,0.069760805,29.86278,34.95158,238.1815026053
2.9779622695,129.4608477,0.0009263715,0.0253611733,0.069944825,29.76657,34.65623,93.0610341744
-26.6553585668,51.9055637,0.0010901368,0.0233982596,0.07033132,28.56253,34.05056,66.30029272
-13.0368907276,-40.515444,0.0010878292,0.0222522302,0.07057515,27.75129,33.65255,-10.8057363511
-35.9420402219,-79.512986,0.0011273337,0.0211126531,0.07091854,26.94007,33.04388,1.1089437989
-52.1296063824,-87.329372,0.0011520736,0.0197874918,0.071322245,25.93553,32.30524,-8.3838562354
-58.6973818021,-84.727534,0.0011381126,0.0188956651,0.07175076,25.20295,31.5454,-10.1944708502
-57.2268532711,-83.101803,0.0011277569,0.0183181095,0.072127865,24.71216,30.84864,-19.1519560251
-54.1451948497,-79.312516,0.001132667,0.0176271359,0.072433675,24.12449,30.22443,-3.9062061833
-50.5582193151,-78.508282,0.0011377831,0.0169935531,0.072700915,23.56749,29.67204,-14.797799872
-42.2044246652,-76.5978047,0.0011414672,0.0162262478,0.072908265,22.86489,29.24172,-7.8591548463
-39.3564795666,-74.7824228,0.001138709,0.015956012,0.07305761,22.60856,28.86502,-6.4091780079
-38.4150153887,-74.0051815,0.0011335138,0.0161174909,0.073208215,22.75786,28.51695,-20.9372533543
-38.5595736994,-73.2647794,0.0011363883,0.0158999031,0.07336454,22.55175,28.18254,-12.2997393086
-37.4712689735,-71.1801735,0.0011645118,0.0156089129,0.073491085,22.29735,27.87413,-13.0489452595
-38.0205286772,-70.9506407,0.0011843283,0.0152330571,0.07361921,21.94642,27.57089,-22.5307129521
-35.6998417953,-68.9301835,0.0011932346,0.0151487783,0.073713895,21.86868,27.30367,-11.8369695769
-34.4067499105,-70.1363583,0.0011992515,0.0148625215,0.07380856,21.58231,27.0593,-19.5676441526
-33.2604256475,-72.0407537,0.0012037099,0.0145591973,0.073893945,21.27174,26.83418,-17.7544147575
-32.2325821778,-71.4074496,0.0011914437,0.0141742853,0.073992445,20.85616,26.62578,-14.8636140366
-30.7622083231,-70.1850919,0.0011750907,0.0139162413,0.074052505,20.56534,26.43853,-11.8907414203
-29.1705417383,-69.4341492,0.0011635251,0.013764453,0.07411573,20.38712,26.27291,-9.5617814116
-27.4881762465,-67.680987,0.0011200667,0.0140439382,0.07418816,20.6361,26.13054,-9.656477948
-27.9724408128,-67.2245522,0.0011022711,0.0143065658,0.07422702,20.89164,25.98585,-13.9002014471
-29.8883723044,-65.7234446,0.0011035114,0.0141230469,0.074282255,20.69885,25.8218,-9.9209929136
-29.6593739032,-64.15741,0.0011000394,0.013810209,0.07435051,20.35999,25.6633,-9.8685956326
-28.192254113,-61.6428004,0.0010916445,0.0136734801,0.074397545,20.20341,25.52433,-3.8086012801
-28.6843783682,-58.3635643,0.0010864519,0.0134138387,0.07444629,19.91734,25.38253,-1.163168582
-28.3420788182,-57.1805669,0.001089298,0.0128857966,0.074498155,19.32972,25.24708,-2.5720514787
-29.1850242857,-56.8054041,0.0010805719,0.0128573103,0.074566525,19.29008,25.10374,-17.137606807
-28.911257257,-46.543478,0.001070225,0.0131354418,0.07462319,19.59804,24.96443,-29.1426170838
-25.7924656411,-7.1513791,0.0010481434,0.0135668739,0.07465001,20.0561,24.85859,-31.7660791795
-13.4529782126,45.650337,0.0010357237,0.0145380571,0.074613375,21.08348,24.88419,-0.7059520788
12.9745866937,99.990172,0.0010308561,0.0162912316,0.074408675,22.81273,25.1941,15.5287906063
44.796582544,185.278839,0.0010111838,0.0182704813,0.07401018,24.57755,25.8392,29.6830182328
63.6988999175,253.62549,0.0010041542,0.0197607715,0.07351674,25.81032,26.65701,47.7619430877
81.1826371613,372.23836,0.0010397809,0.0211365451,0.072984995,26.91071,27.62412,133.8260688063
118.6050463883,406.91927,0.0010612627,0.0220576324,0.072212275,27.61,28.94985,231.6520395299
146.1874104974,389.74378,0.0010835335,0.0225862029,0.071327715,28.00428,30.52169,148.448671018
88.7544239948,399.38724,0.001143108,0.0231182613,0.07094023,28.41615,31.35725,150.2415841896
94.1530687122,501.30625,0.001119636,0.0240175979,0.07054264,29.01292,32.18744,306.4333417735
109.0588733268,365.84454,0.0010624008,0.0239172598,0.070064095,28.89957,33.11882,173.7032989504
101.0421004708,530.18982,0.0010399684,0.024774564,0.069726625,29.45289,33.92611,242.4769205028
98.5268792991,513.87866,0.0010808509,0.0248595893,0.069382225,29.52873,34.66859,268.6978480478
61.0220343877,362.29361,0.0010613512,0.0252857543,0.06931092,29.79115,34.95502,302.7068861248
28.5785340354,117.252989,0.0010624966,0.0244024798,0.069414015,29.20349,34.87386,98.6609770808
-24.7249507578,117.379401,0.0010528251,0.0243925131,0.069878045,29.18603,34.21319,75.5131288635
-27.5858363522,62.659864,0.0011397205,0.024011122,0.070322975,28.98484,33.57438,74.4008003287
-22.804338231,54.148699,0.0012177923,0.0233599977,0.07066748,28.59171,33.0429,54.976931598
-19.5387693077,117.007673,0.0012230325,0.0237581066,0.070936505,28.86677,32.59174,88.5831950352
-19.5560755044,58.545631,0.001216454,0.0239314887,0.071193465,28.98179,32.17258,62.171083346
5.9760540659,-24.479634,0.0012526275,0.0230660034,0.071256295,28.41452,32.07971,13.5890279202
-3.9299844945,-70.2746,0.0012808809,0.0218352197,0.07133648,27.56051,31.90469,-18.0560595414
-32.6501620416,-79.668128,0.0013080079,0.0204344058,0.071581005,26.5363,31.43423,-11.033334399
-45.5202312148,-77.816427,0.0013464161,0.0190453912,0.071905175,25.46916,30.85491,-7.949017652
-49.3165146711,-71.897774,0.0013593444,0.0179290158,0.07221639,24.5513,30.26702,-6.5710880307
-44.3073616611,-74.101547,0.0013637268,0.0173893027,0.07245622,24.09196,29.76702,-6.9263861146
-40.0023947073,-71.187288,0.001357779,0.0169164313,0.07266684,23.67112,29.34224,-1.938939858
-38.1123002579,-69.0519232,0.0013573864,0.0164638843,0.072871795,23.26399,28.96139,-5.2665399958
-38.0345512968,-67.8088896,0.0013498345,0.0160777383,0.0730262,22.90093,28.59917,-6.4298265749
-35.7565654076,-67.3729186,0.0013934997,0.0157290231,0.07315817,22.61279,28.27784,-11.6352259768
-33.2869731529,-66.9226326,0.0013733058,0.015253089,0.073286245,22.13456,27.99741,-12.2602144054
-32.3117168379,-66.9156321,0.0013460411,0.0152740788,0.073385475,22.12839,27.73775,-21.8042130629
-31.3986257402,-66.2962917,0.0013392353,0.0150364429,0.073494715,21.88602,27.49614,-21.1739873331
-29.0907272999,-60.7989526,0.0013173974,0.014843435,0.073583895,21.67037,27.28766,-12.8782067712
-26.3368438078,-67.0844948,0.0012982986,0.0148407213,0.07366231,21.6472,27.11608,-11.6421694709
-25.9803330564,-67.3916298,0.001277865,0.0148324538,0.07371169,21.61599,26.95407,-13.4998146385
-27.7437180855,-68.6957319,0.001261915,0.0148275959,0.073770155,21.58966,26.77691,-19.0530467609
-28.2520213077,-68.5409096,0.0012401159,0.0147571569,0.073857125,21.49417,26.59896,-17.1890804655
-28.2502164779,-67.9117596,0.0012210012,0.0146768138,0.073924705,21.39101,26.42615,-12.89426959
-26.9315476834,-65.9662245,0.0011906846,0.0146169494,0.073970855,21.29657,26.27316,-9.067137875
-27.0181484548,-64.3754244,0.0011556326,0.014752427,0.07404532,21.39763,26.12355,-12.0556822556
-27.957905994,-63.4888855,0.0011364657,0.0146065664,0.074101235,21.22928,25.96606,-6.885089298
-26.6899392193,-60.9199638,0.001120137,0.0144881051,0.074143935,21.09172,25.82644,-2.2251994434
-25.1476215356,-58.1547301,0.0011137286,0.0143683953,0.074218135,20.96177,25.708,-2.8642333425
-27.382666503,-55.4154407,0.0011198401,0.014425353,0.07424774,21.02816,25.56687,-4.6707755434
-27.0011008196,-54.0603542,0.0011107744,0.0147890389,0.074305995,21.3934,25.43245,-4.0028611429
-26.8545760964,-59.6629796,0.0011054264,0.0142371591,0.07438114,20.82183,25.30095,-31.8981925825
-27.9420776755,-47.640537,0.0011069499,0.013954503,0.074442335,20.52871,25.15794,-17.2818294035
-24.3008116877,1.756436,0.0011030252,0.0148291507,0.074457415,21.44252,25.056,-15.1558631616
-11.3577513917,71.8087552,0.0010867847,0.0156324763,0.07441383,22.23163,25.09315,4.892554985
29.7472188245,128.666833,0.0011074788,0.0165629466,0.074105135,23.14142,25.5863,47.0740719071
52.2731134942,202.95695,0.0011491813,0.0170360995,0.073674045,23.61822,26.30495,75.9805085422
65.5515400207,342.74284,0.0011821814,0.0176790886,0.07319067,24.22172,27.13028,186.7613630235
77.748752837,404.85826,0.0011997293,0.0184139037,0.07266249,24.86901,28.04641,230.4020999807
104.6334724655,462.68438,0.0012128954,0.0191610036,0.07200356,25.49636,29.19999,248.6674554237
155.778709602,491.35553,0.0012335095,0.0199906029,0.071072565,26.17427,30.87717,235.4497694363
124.0333635424,519.45589,0.0012549897,0.0209234824,0.07046414,26.90571,32.1159,313.29133322
112.7547071757,564.49421,0.0012700732,0.0221330128,0.06996375,27.80221,33.13382,329.5633577936
173.4973175931,408.0172,0.0012646269,0.0227648992,0.0691037,28.24161,34.75829,195.1974319629
67.0240275403,266.9224,0.0012598126,0.0227713166,0.06898468,28.23544,35.08645,163.9460035056
7.5264101444,358.83288,0.0012136241,0.0234591915,0.06933077,28.67497,34.7355,201.4199521577
18.647741365,351.68552,0.0011815893,0.0242291377,0.06958011,29.17058,34.55471,122.8339325675
26.89660554,297.73338,0.0011867889,0.0243749778,0.069663245,29.26611,34.50703,164.545668281
7.2304413207,171.580138,0.0011842216,0.0242693098,0.06983214,29.19042,34.24417,51.9215844895
2.2576231562,211.02162,0.0011811093,0.0246642584,0.07005898,29.45036,33.95714,92.8154287692
25.6324649593,252.616787,0.0011374662,0.0251359796,0.07005869,29.72972,33.98048,91.4633738556
9.2269992639,143.634564,0.0011299918,0.0250497785,0.07015748,29.67045,33.82722,116.9923045204
-16.2523239526,35.9762669,0.0011176071,0.0245504831,0.070420575,29.33729,33.3966,37.5425794829
-16.2878941394,-36.406766,0.0011322435,0.0237671682,0.07068365,28.82503,33.00451,10.7794638869
-26.0743575178,-74.389669,0.001108351,0.0216923658,0.070953355,27.3418,32.54475,80.433959729
-45.7056421633,-84.3941881,0.0010758429,0.0199930877,0.071297235,26.0251,31.90502,-57.3940523861
-56.2275574054,-86.324433,0.001062656,0.0190759663,0.07170299,25.27916,31.19006,-27.8655525598
-53.686724535,-85.833805,0.0010573609,0.0183785661,0.07203473,24.69746,30.54483,-21.5832060132
-47.502249389,-83.819098,0.0010542786,0.0178280657,0.07231214,24.22887,30.00537,-22.121066373
-40.8303765292,-81.802863,0.0010576907,0.0172221494,0.07252201,23.70326,29.57023,-6.5098268483
-38.2725146245,-80.568886,0.0010566822,0.0166233772,0.07269377,23.16005,29.18672,-6.9449691836
-35.566766758,-79.123727,0.0010635904,0.0160561458,0.072847025,22.63572,28.85303,5.1491453713
-34.9082555529,-78.74961,0.0010676886,0.0154819735,0.07296691,22.0853,28.54388,-6.574270802
-35.7832478373,-78.3827693,0.0010633415,0.0150958898,0.07311584,21.6961,28.24035,-16.9692660691
-38.3968472563,-78.399549,0.0010548514,0.0147710162,0.073251775,21.35901,27.92013,-25.1266921356
-39.7063775121,-78.5346444,0.0010482232,0.0147429677,0.07339214,21.3217,27.59629,-35.4124619818
